areaType,areaName,areaCode,date,newCasesBySpecimenDate,cumCasesBySpecimenDate
overview,United Kingdom,K02000001,2022-05-08,,22127666
overview,United Kingdom,K02000001,2022-05-07,,22127666
overview,United Kingdom,K02000001,2022-05-06,8442,22127666
overview,United Kingdom,K02000001,2022-05-05,10031,22119224
overview,United Kingdom,K02000001,2022-05-04,11574,22109193
overview,United Kingdom,K02000001,2022-05-03,13222,22097619
overview,United Kingdom,K02000001,2022-05-02,11844,22084397
overview,United Kingdom,K02000001,2022-05-01,8995,22072553
overview,United Kingdom,K02000001,2022-04-30,8344,22063558
overview,United Kingdom,K02000001,2022-04-29,9980,22055214
overview,United Kingdom,K02000001,2022-04-28,11566,22045234
overview,United Kingdom,K02000001,2022-04-27,13030,22033668
overview,United Kingdom,K02000001,2022-04-26,14539,22020638
overview,United Kingdom,K02000001,2022-04-25,17089,22006099
overview,United Kingdom,K02000001,2022-04-24,14709,21989010
overview,United Kingdom,K02000001,2022-04-23,13194,21974301
overview,United Kingdom,K02000001,2022-04-22,15682,21961107
overview,United Kingdom,K02000001,2022-04-21,18429,21945425
overview,United Kingdom,K02000001,2022-04-20,21423,21926996
overview,United Kingdom,K02000001,2022-04-19,25808,21905573
overview,United Kingdom,K02000001,2022-04-18,25161,21879765
overview,United Kingdom,K02000001,2022-04-17,20126,21854604
overview,United Kingdom,K02000001,2022-04-16,19898,21834478
overview,United Kingdom,K02000001,2022-04-15,21581,21814580
overview,United Kingdom,K02000001,2022-04-14,26588,21792999
overview,United Kingdom,K02000001,2022-04-13,31626,21766411
overview,United Kingdom,K02000001,2022-04-12,33687,21734785
overview,United Kingdom,K02000001,2022-04-11,37306,21701098
overview,United Kingdom,K02000001,2022-04-10,30891,21663792
overview,United Kingdom,K02000001,2022-04-09,27834,21632901
overview,United Kingdom,K02000001,2022-04-08,32909,21605067
overview,United Kingdom,K02000001,2022-04-07,38623,21572158
overview,United Kingdom,K02000001,2022-04-06,44666,21533535
overview,United Kingdom,K02000001,2022-04-05,49045,21488869
overview,United Kingdom,K02000001,2022-04-04,53736,21439824
overview,United Kingdom,K02000001,2022-04-03,42160,21386088
overview,United Kingdom,K02000001,2022-04-02,37566,21343928
overview,United Kingdom,K02000001,2022-04-01,47452,21306362
overview,United Kingdom,K02000001,2022-03-31,54735,21258910
overview,United Kingdom,K02000001,2022-03-30,73614,21204175
overview,United Kingdom,K02000001,2022-03-29,80083,21130561
overview,United Kingdom,K02000001,2022-03-28,92823,21050478
overview,United Kingdom,K02000001,2022-03-27,68294,20957655
overview,United Kingdom,K02000001,2022-03-26,61430,20889361
overview,United Kingdom,K02000001,2022-03-25,72421,20827931
overview,United Kingdom,K02000001,2022-03-24,82862,20755510
overview,United Kingdom,K02000001,2022-03-23,94146,20672648
overview,United Kingdom,K02000001,2022-03-22,99036,20578502
overview,United Kingdom,K02000001,2022-03-21,109282,20479466
overview,United Kingdom,K02000001,2022-03-20,81045,20370184
overview,United Kingdom,K02000001,2022-03-19,67378,20289139
overview,United Kingdom,K02000001,2022-03-18,75250,20221761
overview,United Kingdom,K02000001,2022-03-17,82793,20146511
overview,United Kingdom,K02000001,2022-03-16,91736,20063718
overview,United Kingdom,K02000001,2022-03-15,93617,19971982
overview,United Kingdom,K02000001,2022-03-14,99807,19878365
overview,United Kingdom,K02000001,2022-03-13,75682,19778558
overview,United Kingdom,K02000001,2022-03-12,62011,19702876
overview,United Kingdom,K02000001,2022-03-11,66992,19640865
overview,United Kingdom,K02000001,2022-03-10,70462,19573873
overview,United Kingdom,K02000001,2022-03-09,73473,19503411
overview,United Kingdom,K02000001,2022-03-08,70062,19429938
overview,United Kingdom,K02000001,2022-03-07,68502,19359876
overview,United Kingdom,K02000001,2022-03-06,48988,19291374
overview,United Kingdom,K02000001,2022-03-05,38717,19242386
overview,United Kingdom,K02000001,2022-03-04,41364,19203669
overview,United Kingdom,K02000001,2022-03-03,43715,19162305
overview,United Kingdom,K02000001,2022-03-02,46137,19118590
overview,United Kingdom,K02000001,2022-03-01,44742,19072453
overview,United Kingdom,K02000001,2022-02-28,44603,19027711
overview,United Kingdom,K02000001,2022-02-27,31348,18983108
overview,United Kingdom,K02000001,2022-02-26,25075,18951760
overview,United Kingdom,K02000001,2022-02-25,27816,18926685
overview,United Kingdom,K02000001,2022-02-24,30588,18898869
overview,United Kingdom,K02000001,2022-02-23,36443,18868281
overview,United Kingdom,K02000001,2022-02-22,39118,18831838
overview,United Kingdom,K02000001,2022-02-21,45092,18792720
overview,United Kingdom,K02000001,2022-02-20,37668,18747628
overview,United Kingdom,K02000001,2022-02-19,34644,18709960
overview,United Kingdom,K02000001,2022-02-18,33220,18675316
overview,United Kingdom,K02000001,2022-02-17,44672,18642096
overview,United Kingdom,K02000001,2022-02-16,51522,18597424
overview,United Kingdom,K02000001,2022-02-15,52457,18545902
overview,United Kingdom,K02000001,2022-02-14,54668,18493445
overview,United Kingdom,K02000001,2022-02-13,41723,18438777
overview,United Kingdom,K02000001,2022-02-12,37408,18397054
overview,United Kingdom,K02000001,2022-02-11,44527,18359646
overview,United Kingdom,K02000001,2022-02-10,52254,18315119
overview,United Kingdom,K02000001,2022-02-09,64271,18262865
overview,United Kingdom,K02000001,2022-02-08,69606,18198594
overview,United Kingdom,K02000001,2022-02-07,76449,18128988
overview,United Kingdom,K02000001,2022-02-06,60519,18052539
overview,United Kingdom,K02000001,2022-02-05,52276,17992020
overview,United Kingdom,K02000001,2022-02-04,63164,17939744
overview,United Kingdom,K02000001,2022-02-03,76571,17876580
overview,United Kingdom,K02000001,2022-02-02,88379,17800009
overview,United Kingdom,K02000001,2022-02-01,93738,17711630
overview,United Kingdom,K02000001,2022-01-31,104894,17617892
overview,United Kingdom,K02000001,2022-01-30,87522,17512998
overview,United Kingdom,K02000001,2022-01-29,73470,17425476
overview,United Kingdom,K02000001,2022-01-28,83993,17352006
overview,United Kingdom,K02000001,2022-01-27,96144,17268013
overview,United Kingdom,K02000001,2022-01-26,108636,17171869
overview,United Kingdom,K02000001,2022-01-25,113127,17063233
overview,United Kingdom,K02000001,2022-01-24,127253,16950106
overview,United Kingdom,K02000001,2022-01-23,102313,16822853
overview,United Kingdom,K02000001,2022-01-22,81650,16720540
overview,United Kingdom,K02000001,2022-01-21,91514,16638890
overview,United Kingdom,K02000001,2022-01-20,100239,16547376
overview,United Kingdom,K02000001,2022-01-19,111651,16447137
overview,United Kingdom,K02000001,2022-01-18,118677,16335486
overview,United Kingdom,K02000001,2022-01-17,131383,16216809
overview,United Kingdom,K02000001,2022-01-16,98009,16085426
overview,United Kingdom,K02000001,2022-01-15,77884,15987417
overview,United Kingdom,K02000001,2022-01-14,86245,15909533
overview,United Kingdom,K02000001,2022-01-13,96323,15823288
overview,United Kingdom,K02000001,2022-01-12,103145,15726965
overview,United Kingdom,K02000001,2022-01-11,115181,15623820
overview,United Kingdom,K02000001,2022-01-10,132678,15508639
overview,United Kingdom,K02000001,2022-01-09,95717,15375961
overview,United Kingdom,K02000001,2022-01-08,93564,15280244
overview,United Kingdom,K02000001,2022-01-07,120249,15186680
overview,United Kingdom,K02000001,2022-01-06,172961,15066431
overview,United Kingdom,K02000001,2022-01-05,222099,14893470
overview,United Kingdom,K02000001,2022-01-04,275601,14671371
overview,United Kingdom,K02000001,2022-01-03,229829,14395770
overview,United Kingdom,K02000001,2022-01-02,181018,14165941
overview,United Kingdom,K02000001,2022-01-01,118175,13984923
overview,United Kingdom,K02000001,2021-12-31,188511,13866748
overview,United Kingdom,K02000001,2021-12-30,236537,13678237
overview,United Kingdom,K02000001,2021-12-29,272745,13441700
overview,United Kingdom,K02000001,2021-12-28,212486,13168955
overview,United Kingdom,K02000001,2021-12-27,194975,12956469
overview,United Kingdom,K02000001,2021-12-26,116258,12761494
overview,United Kingdom,K02000001,2021-12-25,70355,12645236
overview,United Kingdom,K02000001,2021-12-24,137259,12574881
overview,United Kingdom,K02000001,2021-12-23,160620,12437622
overview,United Kingdom,K02000001,2021-12-22,161594,12277002
overview,United Kingdom,K02000001,2021-12-21,150268,12115408
overview,United Kingdom,K02000001,2021-12-20,133943,11965140
overview,United Kingdom,K02000001,2021-12-19,89126,11831197
overview,United Kingdom,K02000001,2021-12-18,88878,11742071
overview,United Kingdom,K02000001,2021-12-17,95865,11653193
overview,United Kingdom,K02000001,2021-12-16,106035,11557328
overview,United Kingdom,K02000001,2021-12-15,112672,11451293
overview,United Kingdom,K02000001,2021-12-14,102754,11338621
overview,United Kingdom,K02000001,2021-12-13,87158,11235867
overview,United Kingdom,K02000001,2021-12-12,53141,11148709
overview,United Kingdom,K02000001,2021-12-11,48590,11095568
overview,United Kingdom,K02000001,2021-12-10,52476,11046978
overview,United Kingdom,K02000001,2021-12-09,56978,10994502
overview,United Kingdom,K02000001,2021-12-08,58796,10937524
overview,United Kingdom,K02000001,2021-12-07,56230,10878728
overview,United Kingdom,K02000001,2021-12-06,59667,10822498
overview,United Kingdom,K02000001,2021-12-05,41014,10762831
overview,United Kingdom,K02000001,2021-12-04,38780,10721817
overview,United Kingdom,K02000001,2021-12-03,45660,10683037
overview,United Kingdom,K02000001,2021-12-02,50310,10637377
overview,United Kingdom,K02000001,2021-12-01,54813,10587067
overview,United Kingdom,K02000001,2021-11-30,55687,10532254
overview,United Kingdom,K02000001,2021-11-29,56289,10476567
overview,United Kingdom,K02000001,2021-11-28,39692,10420278
overview,United Kingdom,K02000001,2021-11-27,33290,10380586
overview,United Kingdom,K02000001,2021-11-26,39326,10347296
overview,United Kingdom,K02000001,2021-11-25,43413,10307970
overview,United Kingdom,K02000001,2021-11-24,46760,10264557
overview,United Kingdom,K02000001,2021-11-23,48185,10217797
overview,United Kingdom,K02000001,2021-11-22,50724,10169612
overview,United Kingdom,K02000001,2021-11-21,37245,10118888
overview,United Kingdom,K02000001,2021-11-20,35327,10081643
overview,United Kingdom,K02000001,2021-11-19,39588,10046316
overview,United Kingdom,K02000001,2021-11-18,44055,10006728
overview,United Kingdom,K02000001,2021-11-17,45887,9962673
overview,United Kingdom,K02000001,2021-11-16,46421,9916786
overview,United Kingdom,K02000001,2021-11-15,50946,9870365
overview,United Kingdom,K02000001,2021-11-14,35508,9819419
overview,United Kingdom,K02000001,2021-11-13,32879,9783911
overview,United Kingdom,K02000001,2021-11-12,37757,9751032
overview,United Kingdom,K02000001,2021-11-11,40986,9713275
overview,United Kingdom,K02000001,2021-11-10,42931,9672289
overview,United Kingdom,K02000001,2021-11-09,42242,9629358
overview,United Kingdom,K02000001,2021-11-08,44124,9587116
overview,United Kingdom,K02000001,2021-11-07,30584,9542992
overview,United Kingdom,K02000001,2021-11-06,27430,9512408
overview,United Kingdom,K02000001,2021-11-05,30313,9484978
overview,United Kingdom,K02000001,2021-11-04,33652,9454665
overview,United Kingdom,K02000001,2021-11-03,35972,9421013
overview,United Kingdom,K02000001,2021-11-02,38006,9385041
overview,United Kingdom,K02000001,2021-11-01,45102,9347035
overview,United Kingdom,K02000001,2021-10-31,34794,9301933
overview,United Kingdom,K02000001,2021-10-30,33556,9267139
overview,United Kingdom,K02000001,2021-10-29,40241,9233583
overview,United Kingdom,K02000001,2021-10-28,41375,9193342
overview,United Kingdom,K02000001,2021-10-27,43035,9151967
overview,United Kingdom,K02000001,2021-10-26,42109,9108932
overview,United Kingdom,K02000001,2021-10-25,47447,9066823
overview,United Kingdom,K02000001,2021-10-24,35757,9019376
overview,United Kingdom,K02000001,2021-10-23,35096,8983619
overview,United Kingdom,K02000001,2021-10-22,40658,8948523
overview,United Kingdom,K02000001,2021-10-21,45193,8907865
overview,United Kingdom,K02000001,2021-10-20,51650,8862672
overview,United Kingdom,K02000001,2021-10-19,52511,8811022
overview,United Kingdom,K02000001,2021-10-18,57728,8758511
overview,United Kingdom,K02000001,2021-10-17,43747,8700783
overview,United Kingdom,K02000001,2021-10-16,37872,8657036
overview,United Kingdom,K02000001,2021-10-15,43546,8619164
overview,United Kingdom,K02000001,2021-10-14,46413,8575618
overview,United Kingdom,K02000001,2021-10-13,47765,8529205
overview,United Kingdom,K02000001,2021-10-12,48299,8481440
overview,United Kingdom,K02000001,2021-10-11,50285,8433141
overview,United Kingdom,K02000001,2021-10-10,36406,8382856
overview,United Kingdom,K02000001,2021-10-09,32296,8346450
overview,United Kingdom,K02000001,2021-10-08,35597,8314154
overview,United Kingdom,K02000001,2021-10-07,38462,8278557
overview,United Kingdom,K02000001,2021-10-06,39255,8240095
overview,United Kingdom,K02000001,2021-10-05,39263,8200840
overview,United Kingdom,K02000001,2021-10-04,43727,8161577
overview,United Kingdom,K02000001,2021-10-03,32051,8117850
overview,United Kingdom,K02000001,2021-10-02,26309,8085799
overview,United Kingdom,K02000001,2021-10-01,29051,8059490
overview,United Kingdom,K02000001,2021-09-30,32587,8030439
overview,United Kingdom,K02000001,2021-09-29,34819,7997852
overview,United Kingdom,K02000001,2021-09-28,36540,7963033
overview,United Kingdom,K02000001,2021-09-27,41579,7926493
overview,United Kingdom,K02000001,2021-09-26,32064,7884914
overview,United Kingdom,K02000001,2021-09-25,28560,7852850
overview,United Kingdom,K02000001,2021-09-24,32096,7824290
overview,United Kingdom,K02000001,2021-09-23,35837,7792194
overview,United Kingdom,K02000001,2021-09-22,36749,7756357
overview,United Kingdom,K02000001,2021-09-21,38835,7719608
overview,United Kingdom,K02000001,2021-09-20,40756,7680773
overview,United Kingdom,K02000001,2021-09-19,31083,7640017
overview,United Kingdom,K02000001,2021-09-18,26639,7608934
overview,United Kingdom,K02000001,2021-09-17,29464,7582295
overview,United Kingdom,K02000001,2021-09-16,29548,7552831
overview,United Kingdom,K02000001,2021-09-15,30375,7523283
overview,United Kingdom,K02000001,2021-09-14,31417,7492908
overview,United Kingdom,K02000001,2021-09-13,34651,7461491
overview,United Kingdom,K02000001,2021-09-12,24053,7426840
overview,United Kingdom,K02000001,2021-09-11,23531,7402787
overview,United Kingdom,K02000001,2021-09-10,29175,7379256
overview,United Kingdom,K02000001,2021-09-09,33964,7350081
overview,United Kingdom,K02000001,2021-09-08,35839,7316117
overview,United Kingdom,K02000001,2021-09-07,38610,7280278
overview,United Kingdom,K02000001,2021-09-06,44915,7241668
overview,United Kingdom,K02000001,2021-09-05,31799,7196753
overview,United Kingdom,K02000001,2021-09-04,31803,7164954
overview,United Kingdom,K02000001,2021-09-03,38626,7133151
overview,United Kingdom,K02000001,2021-09-02,42310,7094525
overview,United Kingdom,K02000001,2021-09-01,43515,7052215
overview,United Kingdom,K02000001,2021-08-31,45204,7008700
overview,United Kingdom,K02000001,2021-08-30,34755,6963496
overview,United Kingdom,K02000001,2021-08-29,26131,6928741
overview,United Kingdom,K02000001,2021-08-28,27592,6902610
overview,United Kingdom,K02000001,2021-08-27,33734,6875018
overview,United Kingdom,K02000001,2021-08-26,37607,6841284
overview,United Kingdom,K02000001,2021-08-25,38768,6803677
overview,United Kingdom,K02000001,2021-08-24,37671,6764909
overview,United Kingdom,K02000001,2021-08-23,39710,6727238
overview,United Kingdom,K02000001,2021-08-22,28727,6687528
overview,United Kingdom,K02000001,2021-08-21,28515,6658801
overview,United Kingdom,K02000001,2021-08-20,32223,6630286
overview,United Kingdom,K02000001,2021-08-19,36483,6598063
overview,United Kingdom,K02000001,2021-08-18,38735,6561580
overview,United Kingdom,K02000001,2021-08-17,37909,6522845
overview,United Kingdom,K02000001,2021-08-16,36895,6484936
overview,United Kingdom,K02000001,2021-08-15,25321,6448041
overview,United Kingdom,K02000001,2021-08-14,25057,6422720
overview,United Kingdom,K02000001,2021-08-13,28968,6397663
overview,United Kingdom,K02000001,2021-08-12,31722,6368695
overview,United Kingdom,K02000001,2021-08-11,33346,6336973
overview,United Kingdom,K02000001,2021-08-10,31514,6303627
overview,United Kingdom,K02000001,2021-08-09,32157,6272113
overview,United Kingdom,K02000001,2021-08-08,22884,6239956
overview,United Kingdom,K02000001,2021-08-07,22566,6217072
overview,United Kingdom,K02000001,2021-08-06,28057,6194506
overview,United Kingdom,K02000001,2021-08-05,31660,6166449
overview,United Kingdom,K02000001,2021-08-04,32337,6134789
overview,United Kingdom,K02000001,2021-08-03,30445,6102452
overview,United Kingdom,K02000001,2021-08-02,29834,6072007
overview,United Kingdom,K02000001,2021-08-01,20899,6042173
overview,United Kingdom,K02000001,2021-07-31,20568,6021274
overview,United Kingdom,K02000001,2021-07-30,24745,6000706
overview,United Kingdom,K02000001,2021-07-29,28429,5975961
overview,United Kingdom,K02000001,2021-07-28,30235,5947532
overview,United Kingdom,K02000001,2021-07-27,29574,5917297
overview,United Kingdom,K02000001,2021-07-26,29977,5887723
overview,United Kingdom,K02000001,2021-07-25,22172,5857746
overview,United Kingdom,K02000001,2021-07-24,22848,5835574
overview,United Kingdom,K02000001,2021-07-23,27764,5812726
overview,United Kingdom,K02000001,2021-07-22,31274,5784962
overview,United Kingdom,K02000001,2021-07-21,35535,5753688
overview,United Kingdom,K02000001,2021-07-20,39869,5718153
overview,United Kingdom,K02000001,2021-07-19,47910,5678284
overview,United Kingdom,K02000001,2021-07-18,36180,5630374
overview,United Kingdom,K02000001,2021-07-17,38473,5594194
overview,United Kingdom,K02000001,2021-07-16,55262,5555721
overview,United Kingdom,K02000001,2021-07-15,61996,5500459
overview,United Kingdom,K02000001,2021-07-14,54909,5438463
overview,United Kingdom,K02000001,2021-07-13,47703,5383554
overview,United Kingdom,K02000001,2021-07-12,44505,5335851
overview,United Kingdom,K02000001,2021-07-11,30502,5291346
overview,United Kingdom,K02000001,2021-07-10,28373,5260844
overview,United Kingdom,K02000001,2021-07-09,32799,5232471
overview,United Kingdom,K02000001,2021-07-08,33999,5199672
overview,United Kingdom,K02000001,2021-07-07,38593,5165673
overview,United Kingdom,K02000001,2021-07-06,36040,5127080
overview,United Kingdom,K02000001,2021-07-05,34897,5091040
overview,United Kingdom,K02000001,2021-07-04,25155,5056143
overview,United Kingdom,K02000001,2021-07-03,24007,5030988
overview,United Kingdom,K02000001,2021-07-02,26340,5006981
overview,United Kingdom,K02000001,2021-07-01,28794,4980641
overview,United Kingdom,K02000001,2021-06-30,28922,4951847
overview,United Kingdom,K02000001,2021-06-29,28199,4922925
overview,United Kingdom,K02000001,2021-06-28,28418,4894726
overview,United Kingdom,K02000001,2021-06-27,18502,4866308
overview,United Kingdom,K02000001,2021-06-26,16300,4847806
overview,United Kingdom,K02000001,2021-06-25,18169,4831506
overview,United Kingdom,K02000001,2021-06-24,18712,4813337
overview,United Kingdom,K02000001,2021-06-23,18350,4794625
overview,United Kingdom,K02000001,2021-06-22,17403,4776275
overview,United Kingdom,K02000001,2021-06-21,16307,4758872
overview,United Kingdom,K02000001,2021-06-20,10087,4742565
overview,United Kingdom,K02000001,2021-06-19,8445,4732478
overview,United Kingdom,K02000001,2021-06-18,10320,4724033
overview,United Kingdom,K02000001,2021-06-17,11106,4713713
overview,United Kingdom,K02000001,2021-06-16,11051,4702607
overview,United Kingdom,K02000001,2021-06-15,10796,4691556
overview,United Kingdom,K02000001,2021-06-14,10362,4680760
overview,United Kingdom,K02000001,2021-06-13,7135,4670398
overview,United Kingdom,K02000001,2021-06-12,6284,4663263
overview,United Kingdom,K02000001,2021-06-11,7619,4656979
overview,United Kingdom,K02000001,2021-06-10,8042,4649360
overview,United Kingdom,K02000001,2021-06-09,8210,4641318
overview,United Kingdom,K02000001,2021-06-08,7896,4633108
overview,United Kingdom,K02000001,2021-06-07,7945,4625212
overview,United Kingdom,K02000001,2021-06-06,5533,4617267
overview,United Kingdom,K02000001,2021-06-05,4731,4611734
overview,United Kingdom,K02000001,2021-06-04,5860,4607003
overview,United Kingdom,K02000001,2021-06-03,6256,4601143
overview,United Kingdom,K02000001,2021-06-02,6168,4594887
overview,United Kingdom,K02000001,2021-06-01,5431,4588719
overview,United Kingdom,K02000001,2021-05-31,3897,4583288
overview,United Kingdom,K02000001,2021-05-30,3164,4579391
overview,United Kingdom,K02000001,2021-05-29,2999,4576227
overview,United Kingdom,K02000001,2021-05-28,3589,4573228
overview,United Kingdom,K02000001,2021-05-27,3747,4569639
overview,United Kingdom,K02000001,2021-05-26,3921,4565892
overview,United Kingdom,K02000001,2021-05-25,3427,4561971
overview,United Kingdom,K02000001,2021-05-24,3368,4558544
overview,United Kingdom,K02000001,2021-05-23,2326,4555176
overview,United Kingdom,K02000001,2021-05-22,2000,4552850
overview,United Kingdom,K02000001,2021-05-21,2365,4550850
overview,United Kingdom,K02000001,2021-05-20,2517,4548485
overview,United Kingdom,K02000001,2021-05-19,2812,4545968
overview,United Kingdom,K02000001,2021-05-18,2812,4543156
overview,United Kingdom,K02000001,2021-05-17,2858,4540344
overview,United Kingdom,K02000001,2021-05-16,1922,4537486
overview,United Kingdom,K02000001,2021-05-15,1626,4535564
overview,United Kingdom,K02000001,2021-05-14,1936,4533938
overview,United Kingdom,K02000001,2021-05-13,2182,4532002
overview,United Kingdom,K02000001,2021-05-12,2335,4529820
overview,United Kingdom,K02000001,2021-05-11,2328,4527485
overview,United Kingdom,K02000001,2021-05-10,2808,4525157
overview,United Kingdom,K02000001,2021-05-09,2307,4522349
overview,United Kingdom,K02000001,2021-05-08,1606,4520042
overview,United Kingdom,K02000001,2021-05-07,1981,4518436
overview,United Kingdom,K02000001,2021-05-06,2325,4516455
overview,United Kingdom,K02000001,2021-05-05,2568,4514130
overview,United Kingdom,K02000001,2021-05-04,2550,4511562
overview,United Kingdom,K02000001,2021-05-03,2084,4509012
overview,United Kingdom,K02000001,2021-05-02,1521,4506928
overview,United Kingdom,K02000001,2021-05-01,1431,4505407
overview,United Kingdom,K02000001,2021-04-30,1825,4503976
overview,United Kingdom,K02000001,2021-04-29,2230,4502151
overview,United Kingdom,K02000001,2021-04-28,2499,4499921
overview,United Kingdom,K02000001,2021-04-27,2177,4497422
overview,United Kingdom,K02000001,2021-04-26,2627,4495245
overview,United Kingdom,K02000001,2021-04-25,2119,4492618
overview,United Kingdom,K02000001,2021-04-24,1564,4490499
overview,United Kingdom,K02000001,2021-04-23,2020,4488935
overview,United Kingdom,K02000001,2021-04-22,2409,4486915
overview,United Kingdom,K02000001,2021-04-21,2709,4484506
overview,United Kingdom,K02000001,2021-04-20,2541,4481797
overview,United Kingdom,K02000001,2021-04-19,2738,4479256
overview,United Kingdom,K02000001,2021-04-18,2584,4476518
overview,United Kingdom,K02000001,2021-04-17,1721,4473934
overview,United Kingdom,K02000001,2021-04-16,2347,4472213
overview,United Kingdom,K02000001,2021-04-15,2344,4469866
overview,United Kingdom,K02000001,2021-04-14,2512,4467522
overview,United Kingdom,K02000001,2021-04-13,2495,4465010
overview,United Kingdom,K02000001,2021-04-12,2878,4462515
overview,United Kingdom,K02000001,2021-04-11,2376,4459637
overview,United Kingdom,K02000001,2021-04-10,2380,4457261
overview,United Kingdom,K02000001,2021-04-09,2952,4454881
overview,United Kingdom,K02000001,2021-04-08,3147,4451929
overview,United Kingdom,K02000001,2021-04-07,3253,4448782
overview,United Kingdom,K02000001,2021-04-06,3312,4445529
overview,United Kingdom,K02000001,2021-04-05,2744,4442217
overview,United Kingdom,K02000001,2021-04-04,2412,4439473
overview,United Kingdom,K02000001,2021-04-03,2506,4437061
overview,United Kingdom,K02000001,2021-04-02,2747,4434555
overview,United Kingdom,K02000001,2021-04-01,3674,4431808
overview,United Kingdom,K02000001,2021-03-31,3967,4428134
overview,United Kingdom,K02000001,2021-03-30,3779,4424167
overview,United Kingdom,K02000001,2021-03-29,4196,4420388
overview,United Kingdom,K02000001,2021-03-28,5029,4416192
overview,United Kingdom,K02000001,2021-03-27,3731,4411163
overview,United Kingdom,K02000001,2021-03-26,4567,4407432
overview,United Kingdom,K02000001,2021-03-25,5616,4402865
overview,United Kingdom,K02000001,2021-03-24,6222,4397249
overview,United Kingdom,K02000001,2021-03-23,5481,4391027
overview,United Kingdom,K02000001,2021-03-22,6458,4385546
overview,United Kingdom,K02000001,2021-03-21,5388,4379088
overview,United Kingdom,K02000001,2021-03-20,4246,4373700
overview,United Kingdom,K02000001,2021-03-19,5176,4369454
overview,United Kingdom,K02000001,2021-03-18,5623,4364278
overview,United Kingdom,K02000001,2021-03-17,5976,4358655
overview,United Kingdom,K02000001,2021-03-16,5849,4352679
overview,United Kingdom,K02000001,2021-03-15,6697,4346830
overview,United Kingdom,K02000001,2021-03-14,4425,4340133
overview,United Kingdom,K02000001,2021-03-13,4379,4335708
overview,United Kingdom,K02000001,2021-03-12,5716,4331329
overview,United Kingdom,K02000001,2021-03-11,5933,4325613
overview,United Kingdom,K02000001,2021-03-10,6251,4319680
overview,United Kingdom,K02000001,2021-03-09,6487,4313429
overview,United Kingdom,K02000001,2021-03-08,6890,4306942
overview,United Kingdom,K02000001,2021-03-07,4410,4300052
overview,United Kingdom,K02000001,2021-03-06,4628,4295642
overview,United Kingdom,K02000001,2021-03-05,5467,4291014
overview,United Kingdom,K02000001,2021-03-04,5937,4285547
overview,United Kingdom,K02000001,2021-03-03,6172,4279610
overview,United Kingdom,K02000001,2021-03-02,6919,4273438
overview,United Kingdom,K02000001,2021-03-01,7191,4266519
overview,United Kingdom,K02000001,2021-02-28,4873,4259328
overview,United Kingdom,K02000001,2021-02-27,4949,4254455
overview,United Kingdom,K02000001,2021-02-26,6783,4249506
overview,United Kingdom,K02000001,2021-02-25,8025,4242723
overview,United Kingdom,K02000001,2021-02-24,8845,4234698
overview,United Kingdom,K02000001,2021-02-23,9762,4225853
overview,United Kingdom,K02000001,2021-02-22,11655,4216091
overview,United Kingdom,K02000001,2021-02-21,8097,4204436
overview,United Kingdom,K02000001,2021-02-20,8312,4196339
overview,United Kingdom,K02000001,2021-02-19,10728,4188027
overview,United Kingdom,K02000001,2021-02-18,11794,4177299
overview,United Kingdom,K02000001,2021-02-17,11942,4165505
overview,United Kingdom,K02000001,2021-02-16,12941,4153563
overview,United Kingdom,K02000001,2021-02-15,14735,4140622
overview,United Kingdom,K02000001,2021-02-14,8994,4125887
overview,United Kingdom,K02000001,2021-02-13,9034,4116893
overview,United Kingdom,K02000001,2021-02-12,12573,4107859
overview,United Kingdom,K02000001,2021-02-11,13139,4095286
overview,United Kingdom,K02000001,2021-02-10,13899,4082147
overview,United Kingdom,K02000001,2021-02-09,14225,4068248
overview,United Kingdom,K02000001,2021-02-08,16193,4054023
overview,United Kingdom,K02000001,2021-02-07,11664,4037830
overview,United Kingdom,K02000001,2021-02-06,12320,4026166
overview,United Kingdom,K02000001,2021-02-05,16308,4013846
overview,United Kingdom,K02000001,2021-02-04,18492,3997538
overview,United Kingdom,K02000001,2021-02-03,19914,3979046
overview,United Kingdom,K02000001,2021-02-02,20268,3959132
overview,United Kingdom,K02000001,2021-02-01,22971,3938864
overview,United Kingdom,K02000001,2021-01-31,15783,3915893
overview,United Kingdom,K02000001,2021-01-30,17167,3900110
overview,United Kingdom,K02000001,2021-01-29,22433,3882943
overview,United Kingdom,K02000001,2021-01-28,24772,3860510
overview,United Kingdom,K02000001,2021-01-27,26303,3835738
overview,United Kingdom,K02000001,2021-01-26,27730,3809435
overview,United Kingdom,K02000001,2021-01-25,30736,3781705
overview,United Kingdom,K02000001,2021-01-24,17554,3750969
overview,United Kingdom,K02000001,2021-01-23,22344,3733415
overview,United Kingdom,K02000001,2021-01-22,30330,3711071
overview,United Kingdom,K02000001,2021-01-21,32501,3680741
overview,United Kingdom,K02000001,2021-01-20,35985,3648240
overview,United Kingdom,K02000001,2021-01-19,40526,3612255
overview,United Kingdom,K02000001,2021-01-18,45956,3571729
overview,United Kingdom,K02000001,2021-01-17,29592,3525773
overview,United Kingdom,K02000001,2021-01-16,31247,3496181
overview,United Kingdom,K02000001,2021-01-15,41450,3464934
overview,United Kingdom,K02000001,2021-01-14,43473,3423484
overview,United Kingdom,K02000001,2021-01-13,46506,3380011
overview,United Kingdom,K02000001,2021-01-12,50647,3333505
overview,United Kingdom,K02000001,2021-01-11,58591,3282858
overview,United Kingdom,K02000001,2021-01-10,37174,3224267
overview,United Kingdom,K02000001,2021-01-09,40035,3187093
overview,United Kingdom,K02000001,2021-01-08,48103,3147058
overview,United Kingdom,K02000001,2021-01-07,53187,3098955
overview,United Kingdom,K02000001,2021-01-06,58784,3045768
overview,United Kingdom,K02000001,2021-01-05,66635,2986984
overview,United Kingdom,K02000001,2021-01-04,77970,2920349
overview,United Kingdom,K02000001,2021-01-03,56332,2842379
overview,United Kingdom,K02000001,2021-01-02,61654,2786047
overview,United Kingdom,K02000001,2021-01-01,32482,2724393
overview,United Kingdom,K02000001,2020-12-31,53945,2691911
overview,United Kingdom,K02000001,2020-12-30,72161,2637966
overview,United Kingdom,K02000001,2020-12-29,83088,2565805
overview,United Kingdom,K02000001,2020-12-28,46407,2482717
overview,United Kingdom,K02000001,2020-12-27,48519,2436310
overview,United Kingdom,K02000001,2020-12-26,41109,2387791
overview,United Kingdom,K02000001,2020-12-25,14419,2346682
overview,United Kingdom,K02000001,2020-12-24,32391,2332263
overview,United Kingdom,K02000001,2020-12-23,42936,2299872
overview,United Kingdom,K02000001,2020-12-22,46475,2256936
overview,United Kingdom,K02000001,2020-12-21,48192,2210461
overview,United Kingdom,K02000001,2020-12-20,33064,2162269
overview,United Kingdom,K02000001,2020-12-19,25589,2129205
overview,United Kingdom,K02000001,2020-12-18,36417,2103616
overview,United Kingdom,K02000001,2020-12-17,34440,2067199
overview,United Kingdom,K02000001,2020-12-16,35438,2032759
overview,United Kingdom,K02000001,2020-12-15,34414,1997321
overview,United Kingdom,K02000001,2020-12-14,35221,1962907
overview,United Kingdom,K02000001,2020-12-13,22279,1927686
overview,United Kingdom,K02000001,2020-12-12,19592,1905407
overview,United Kingdom,K02000001,2020-12-11,24425,1885815
overview,United Kingdom,K02000001,2020-12-10,22927,1861390
overview,United Kingdom,K02000001,2020-12-09,21937,1838463
overview,United Kingdom,K02000001,2020-12-08,21097,1816526
overview,United Kingdom,K02000001,2020-12-07,21644,1795429
overview,United Kingdom,K02000001,2020-12-06,13765,1773785
overview,United Kingdom,K02000001,2020-12-05,12917,1760020
overview,United Kingdom,K02000001,2020-12-04,15866,1747103
overview,United Kingdom,K02000001,2020-12-03,15926,1731237
overview,United Kingdom,K02000001,2020-12-02,16748,1715311
overview,United Kingdom,K02000001,2020-12-01,16745,1698563
overview,United Kingdom,K02000001,2020-11-30,18265,1681818
overview,United Kingdom,K02000001,2020-11-29,10874,1663553
overview,United Kingdom,K02000001,2020-11-28,11105,1652679
overview,United Kingdom,K02000001,2020-11-27,14597,1641574
overview,United Kingdom,K02000001,2020-11-26,14817,1626977
overview,United Kingdom,K02000001,2020-11-25,16858,1612160
overview,United Kingdom,K02000001,2020-11-24,16704,1595302
overview,United Kingdom,K02000001,2020-11-23,19083,1578598
overview,United Kingdom,K02000001,2020-11-22,11913,1559515
overview,United Kingdom,K02000001,2020-11-21,12556,1547602
overview,United Kingdom,K02000001,2020-11-20,17134,1535046
overview,United Kingdom,K02000001,2020-11-19,18074,1517912
overview,United Kingdom,K02000001,2020-11-18,21118,1499838
overview,United Kingdom,K02000001,2020-11-17,23531,1478720
overview,United Kingdom,K02000001,2020-11-16,27006,1455189
overview,United Kingdom,K02000001,2020-11-15,16258,1428183
overview,United Kingdom,K02000001,2020-11-14,18258,1411925
overview,United Kingdom,K02000001,2020-11-13,24438,1393667
overview,United Kingdom,K02000001,2020-11-12,24876,1369229
overview,United Kingdom,K02000001,2020-11-11,27792,1344353
overview,United Kingdom,K02000001,2020-11-10,27828,1316561
overview,United Kingdom,K02000001,2020-11-09,31556,1288733
overview,United Kingdom,K02000001,2020-11-08,20253,1257177
overview,United Kingdom,K02000001,2020-11-07,18784,1236924
overview,United Kingdom,K02000001,2020-11-06,23714,1218140
overview,United Kingdom,K02000001,2020-11-05,24102,1194426
overview,United Kingdom,K02000001,2020-11-04,24055,1170324
overview,United Kingdom,K02000001,2020-11-03,25989,1146269
overview,United Kingdom,K02000001,2020-11-02,32003,1120280
overview,United Kingdom,K02000001,2020-11-01,16001,1088277
overview,United Kingdom,K02000001,2020-10-31,16702,1072276
overview,United Kingdom,K02000001,2020-10-30,22896,1055574
overview,United Kingdom,K02000001,2020-10-29,23649,1032678
overview,United Kingdom,K02000001,2020-10-28,23907,1009029
overview,United Kingdom,K02000001,2020-10-27,24360,985122
overview,United Kingdom,K02000001,2020-10-26,26807,960762
overview,United Kingdom,K02000001,2020-10-25,15905,933955
overview,United Kingdom,K02000001,2020-10-24,16464,918050
overview,United Kingdom,K02000001,2020-10-23,21714,901586
overview,United Kingdom,K02000001,2020-10-22,23497,879872
overview,United Kingdom,K02000001,2020-10-21,25785,856375
overview,United Kingdom,K02000001,2020-10-20,25680,830590
overview,United Kingdom,K02000001,2020-10-19,25926,804910
overview,United Kingdom,K02000001,2020-10-18,14330,778984
overview,United Kingdom,K02000001,2020-10-17,14888,764654
overview,United Kingdom,K02000001,2020-10-16,17938,749766
overview,United Kingdom,K02000001,2020-10-15,18639,731828
overview,United Kingdom,K02000001,2020-10-14,19933,713189
overview,United Kingdom,K02000001,2020-10-13,19135,693256
overview,United Kingdom,K02000001,2020-10-12,19710,674121
overview,United Kingdom,K02000001,2020-10-11,12213,654411
overview,United Kingdom,K02000001,2020-10-10,12652,642198
overview,United Kingdom,K02000001,2020-10-09,15903,629546
overview,United Kingdom,K02000001,2020-10-08,18427,613643
overview,United Kingdom,K02000001,2020-10-07,18575,595216
overview,United Kingdom,K02000001,2020-10-06,17250,576641
overview,United Kingdom,K02000001,2020-10-05,16755,559391
overview,United Kingdom,K02000001,2020-10-04,11954,542636
overview,United Kingdom,K02000001,2020-10-03,11667,530682
overview,United Kingdom,K02000001,2020-10-02,13854,519015
overview,United Kingdom,K02000001,2020-10-01,13358,505161
overview,United Kingdom,K02000001,2020-09-30,12717,491803
overview,United Kingdom,K02000001,2020-09-29,10367,479086
overview,United Kingdom,K02000001,2020-09-28,9983,468719
overview,United Kingdom,K02000001,2020-09-27,7023,458736
overview,United Kingdom,K02000001,2020-09-26,6809,451713
overview,United Kingdom,K02000001,2020-09-25,7318,444904
overview,United Kingdom,K02000001,2020-09-24,7682,437586
overview,United Kingdom,K02000001,2020-09-23,7096,429904
overview,United Kingdom,K02000001,2020-09-22,6441,422808
overview,United Kingdom,K02000001,2020-09-21,5627,416367
overview,United Kingdom,K02000001,2020-09-20,5340,410740
overview,United Kingdom,K02000001,2020-09-19,4889,405400
overview,United Kingdom,K02000001,2020-09-18,4973,400511
overview,United Kingdom,K02000001,2020-09-17,4676,395538
overview,United Kingdom,K02000001,2020-09-16,4399,390862
overview,United Kingdom,K02000001,2020-09-15,3551,386463
overview,United Kingdom,K02000001,2020-09-14,3428,382912
overview,United Kingdom,K02000001,2020-09-13,2154,379484
overview,United Kingdom,K02000001,2020-09-12,2670,377330
overview,United Kingdom,K02000001,2020-09-11,3324,374660
overview,United Kingdom,K02000001,2020-09-10,3628,371336
overview,United Kingdom,K02000001,2020-09-09,3365,367708
overview,United Kingdom,K02000001,2020-09-08,3370,364343
overview,United Kingdom,K02000001,2020-09-07,3931,360973
overview,United Kingdom,K02000001,2020-09-06,2465,357042
overview,United Kingdom,K02000001,2020-09-05,2551,354577
overview,United Kingdom,K02000001,2020-09-04,3092,352026
overview,United Kingdom,K02000001,2020-09-03,3152,348934
overview,United Kingdom,K02000001,2020-09-02,3077,345782
overview,United Kingdom,K02000001,2020-09-01,2288,342705
overview,United Kingdom,K02000001,2020-08-31,1513,340417
overview,United Kingdom,K02000001,2020-08-30,1171,338904
overview,United Kingdom,K02000001,2020-08-29,1230,337733
overview,United Kingdom,K02000001,2020-08-28,1632,336503
overview,United Kingdom,K02000001,2020-08-27,1591,334871
overview,United Kingdom,K02000001,2020-08-26,1388,333280
overview,United Kingdom,K02000001,2020-08-25,1270,331892
overview,United Kingdom,K02000001,2020-08-24,1301,330622
overview,United Kingdom,K02000001,2020-08-23,831,329321
overview,United Kingdom,K02000001,2020-08-22,842,328490
overview,United Kingdom,K02000001,2020-08-21,1218,327648
overview,United Kingdom,K02000001,2020-08-20,1498,326430
overview,United Kingdom,K02000001,2020-08-19,1282,324932
overview,United Kingdom,K02000001,2020-08-18,1116,323650
overview,United Kingdom,K02000001,2020-08-17,1298,322534
overview,United Kingdom,K02000001,2020-08-16,602,321236
overview,United Kingdom,K02000001,2020-08-15,714,320634
overview,United Kingdom,K02000001,2020-08-14,1185,319920
overview,United Kingdom,K02000001,2020-08-13,1156,318735
overview,United Kingdom,K02000001,2020-08-12,1242,317579
overview,United Kingdom,K02000001,2020-08-11,1378,316337
overview,United Kingdom,K02000001,2020-08-10,1499,314959
overview,United Kingdom,K02000001,2020-08-09,627,313460
overview,United Kingdom,K02000001,2020-08-08,710,312833
overview,United Kingdom,K02000001,2020-08-07,973,312123
overview,United Kingdom,K02000001,2020-08-06,1105,311150
overview,United Kingdom,K02000001,2020-08-05,1092,310045
overview,United Kingdom,K02000001,2020-08-04,1065,308953
overview,United Kingdom,K02000001,2020-08-03,1060,307888
overview,United Kingdom,K02000001,2020-08-02,564,306828
overview,United Kingdom,K02000001,2020-08-01,559,306264
overview,United Kingdom,K02000001,2020-07-31,697,305705
overview,United Kingdom,K02000001,2020-07-30,946,305008
overview,United Kingdom,K02000001,2020-07-29,1062,304062
overview,United Kingdom,K02000001,2020-07-28,856,303000
overview,United Kingdom,K02000001,2020-07-27,869,302144
overview,United Kingdom,K02000001,2020-07-26,563,301275
overview,United Kingdom,K02000001,2020-07-25,530,300712
overview,United Kingdom,K02000001,2020-07-24,774,300182
overview,United Kingdom,K02000001,2020-07-23,808,299408
overview,United Kingdom,K02000001,2020-07-22,816,298600
overview,United Kingdom,K02000001,2020-07-21,788,297784
overview,United Kingdom,K02000001,2020-07-20,830,296996
overview,United Kingdom,K02000001,2020-07-19,448,296166
overview,United Kingdom,K02000001,2020-07-18,505,295718
overview,United Kingdom,K02000001,2020-07-17,582,295213
overview,United Kingdom,K02000001,2020-07-16,712,294631
overview,United Kingdom,K02000001,2020-07-15,777,293919
overview,United Kingdom,K02000001,2020-07-14,705,293142
overview,United Kingdom,K02000001,2020-07-13,740,292437
overview,United Kingdom,K02000001,2020-07-12,366,291697
overview,United Kingdom,K02000001,2020-07-11,459,291331
overview,United Kingdom,K02000001,2020-07-10,568,290872
overview,United Kingdom,K02000001,2020-07-09,722,290304
overview,United Kingdom,K02000001,2020-07-08,713,289582
overview,United Kingdom,K02000001,2020-07-07,608,288869
overview,United Kingdom,K02000001,2020-07-06,714,288261
overview,United Kingdom,K02000001,2020-07-05,0,287547
overview,United Kingdom,K02000001,2020-07-04,399,286989
overview,United Kingdom,K02000001,2020-07-03,568,286590
overview,United Kingdom,K02000001,2020-07-02,606,286022
overview,United Kingdom,K02000001,2020-07-01,652,285416
overview,United Kingdom,K02000001,2020-06-30,623,284764
overview,United Kingdom,K02000001,2020-06-29,724,284141
overview,United Kingdom,K02000001,2020-06-28,449,283417
overview,United Kingdom,K02000001,2020-06-27,653,282968
overview,United Kingdom,K02000001,2020-06-26,666,282315
overview,United Kingdom,K02000001,2020-06-25,726,281649
overview,United Kingdom,K02000001,2020-06-24,0,280923
overview,United Kingdom,K02000001,2020-06-23,883,280146
overview,United Kingdom,K02000001,2020-06-22,899,279263
overview,United Kingdom,K02000001,2020-06-21,636,278364
overview,United Kingdom,K02000001,2020-06-20,683,277728
overview,United Kingdom,K02000001,2020-06-19,993,277045
overview,United Kingdom,K02000001,2020-06-18,1022,276052
overview,United Kingdom,K02000001,2020-06-17,1017,275030
overview,United Kingdom,K02000001,2020-06-16,1103,274013
overview,United Kingdom,K02000001,2020-06-15,1045,272910
overview,United Kingdom,K02000001,2020-06-14,826,271865
overview,United Kingdom,K02000001,2020-06-13,886,271039
overview,United Kingdom,K02000001,2020-06-12,1053,270153
overview,United Kingdom,K02000001,2020-06-11,1013,269100
overview,United Kingdom,K02000001,2020-06-10,1196,268087
overview,United Kingdom,K02000001,2020-06-09,1165,266891
overview,United Kingdom,K02000001,2020-06-08,1099,265726
overview,United Kingdom,K02000001,2020-06-07,722,264627
overview,United Kingdom,K02000001,2020-06-06,804,263905
overview,United Kingdom,K02000001,2020-06-05,1123,263101
overview,United Kingdom,K02000001,2020-06-04,1249,261978
overview,United Kingdom,K02000001,2020-06-03,1369,260729
overview,United Kingdom,K02000001,2020-06-02,1492,259360
overview,United Kingdom,K02000001,2020-06-01,1438,257868
overview,United Kingdom,K02000001,2020-05-31,1080,256430
overview,United Kingdom,K02000001,2020-05-30,1132,255350
overview,United Kingdom,K02000001,2020-05-29,1531,254218
overview,United Kingdom,K02000001,2020-05-28,1757,252687
overview,United Kingdom,K02000001,2020-05-27,1825,250930
overview,United Kingdom,K02000001,2020-05-26,2070,249105
overview,United Kingdom,K02000001,2020-05-25,1625,247035
overview,United Kingdom,K02000001,2020-05-24,1373,245410
overview,United Kingdom,K02000001,2020-05-23,1532,244037
overview,United Kingdom,K02000001,2020-05-22,2057,242505
overview,United Kingdom,K02000001,2020-05-21,2567,240448
overview,United Kingdom,K02000001,2020-05-20,2719,237881
overview,United Kingdom,K02000001,2020-05-19,3063,235162
overview,United Kingdom,K02000001,2020-05-18,2581,232099
overview,United Kingdom,K02000001,2020-05-17,1837,229518
overview,United Kingdom,K02000001,2020-05-16,2082,227681
overview,United Kingdom,K02000001,2020-05-15,2530,225599
overview,United Kingdom,K02000001,2020-05-14,2630,223069
overview,United Kingdom,K02000001,2020-05-13,3330,220439
overview,United Kingdom,K02000001,2020-05-12,3410,217109
overview,United Kingdom,K02000001,2020-05-11,3612,213699
overview,United Kingdom,K02000001,2020-05-10,2337,210087
overview,United Kingdom,K02000001,2020-05-09,2170,207750
overview,United Kingdom,K02000001,2020-05-08,3064,205580
overview,United Kingdom,K02000001,2020-05-07,3787,202516
overview,United Kingdom,K02000001,2020-05-06,3832,198729
overview,United Kingdom,K02000001,2020-05-05,3686,194897
overview,United Kingdom,K02000001,2020-05-04,3398,191211
overview,United Kingdom,K02000001,2020-05-03,3002,187813
overview,United Kingdom,K02000001,2020-05-02,3258,184811
overview,United Kingdom,K02000001,2020-05-01,4766,181553
overview,United Kingdom,K02000001,2020-04-30,4961,176787
overview,United Kingdom,K02000001,2020-04-29,5433,171826
overview,United Kingdom,K02000001,2020-04-28,4720,166393
overview,United Kingdom,K02000001,2020-04-27,4739,161673
overview,United Kingdom,K02000001,2020-04-26,3476,156934
overview,United Kingdom,K02000001,2020-04-25,3757,153458
overview,United Kingdom,K02000001,2020-04-24,4961,149701
overview,United Kingdom,K02000001,2020-04-23,5167,144740
overview,United Kingdom,K02000001,2020-04-22,5517,139573
overview,United Kingdom,K02000001,2020-04-21,4795,134056
overview,United Kingdom,K02000001,2020-04-20,4441,129261
overview,United Kingdom,K02000001,2020-04-19,3881,124820
overview,United Kingdom,K02000001,2020-04-18,4743,120939
overview,United Kingdom,K02000001,2020-04-17,4977,116196
overview,United Kingdom,K02000001,2020-04-16,5292,111219
overview,United Kingdom,K02000001,2020-04-15,5070,105927
overview,United Kingdom,K02000001,2020-04-14,4335,100857
overview,United Kingdom,K02000001,2020-04-13,4203,96522
overview,United Kingdom,K02000001,2020-04-12,3507,92319
overview,United Kingdom,K02000001,2020-04-11,3585,88812
overview,United Kingdom,K02000001,2020-04-10,4327,85227
overview,United Kingdom,K02000001,2020-04-09,4875,80900
overview,United Kingdom,K02000001,2020-04-08,5146,76025
overview,United Kingdom,K02000001,2020-04-07,5477,70879
overview,United Kingdom,K02000001,2020-04-06,5273,65402
overview,United Kingdom,K02000001,2020-04-05,3556,60129
overview,United Kingdom,K02000001,2020-04-04,3976,56573
overview,United Kingdom,K02000001,2020-04-03,4852,52597
overview,United Kingdom,K02000001,2020-04-02,4824,47745
overview,United Kingdom,K02000001,2020-04-01,4891,42921
overview,United Kingdom,K02000001,2020-03-31,4463,38030
overview,United Kingdom,K02000001,2020-03-30,4195,33567
overview,United Kingdom,K02000001,2020-03-29,2818,29372
overview,United Kingdom,K02000001,2020-03-28,2774,26554
overview,United Kingdom,K02000001,2020-03-27,3154,23780
overview,United Kingdom,K02000001,2020-03-26,3039,20626
overview,United Kingdom,K02000001,2020-03-25,2666,17587
overview,United Kingdom,K02000001,2020-03-24,2354,14921
overview,United Kingdom,K02000001,2020-03-23,2290,12567
overview,United Kingdom,K02000001,2020-03-22,0,10277
overview,United Kingdom,K02000001,2020-03-21,0,8914
overview,United Kingdom,K02000001,2020-03-20,0,7733
overview,United Kingdom,K02000001,2020-03-19,0,6481
overview,United Kingdom,K02000001,2020-03-18,981,5439
overview,United Kingdom,K02000001,2020-03-17,783,4458
overview,United Kingdom,K02000001,2020-03-16,602,3675
overview,United Kingdom,K02000001,2020-03-15,441,3073
overview,United Kingdom,K02000001,2020-03-14,352,2632
overview,United Kingdom,K02000001,2020-03-13,478,2280
overview,United Kingdom,K02000001,2020-03-12,484,1802
overview,United Kingdom,K02000001,2020-03-11,403,1318
overview,United Kingdom,K02000001,2020-03-10,265,915
overview,United Kingdom,K02000001,2020-03-09,148,650
overview,United Kingdom,K02000001,2020-03-08,55,502
overview,United Kingdom,K02000001,2020-03-07,68,447
overview,United Kingdom,K02000001,2020-03-06,83,379
overview,United Kingdom,K02000001,2020-03-05,49,296
overview,United Kingdom,K02000001,2020-03-04,56,247
overview,United Kingdom,K02000001,2020-03-03,57,191
overview,United Kingdom,K02000001,2020-03-02,41,134
overview,United Kingdom,K02000001,2020-03-01,20,93
overview,United Kingdom,K02000001,2020-02-29,4,73
overview,United Kingdom,K02000001,2020-02-28,12,69
overview,United Kingdom,K02000001,2020-02-27,8,57
overview,United Kingdom,K02000001,2020-02-26,2,49
overview,United Kingdom,K02000001,2020-02-25,3,47
overview,United Kingdom,K02000001,2020-02-24,2,44
overview,United Kingdom,K02000001,2020-02-23,6,42
overview,United Kingdom,K02000001,2020-02-22,0,36
overview,United Kingdom,K02000001,2020-02-21,2,36
overview,United Kingdom,K02000001,2020-02-20,0,34
overview,United Kingdom,K02000001,2020-02-19,0,34
overview,United Kingdom,K02000001,2020-02-18,0,34
overview,United Kingdom,K02000001,2020-02-17,1,34
overview,United Kingdom,K02000001,2020-02-16,0,33
overview,United Kingdom,K02000001,2020-02-15,0,33
overview,United Kingdom,K02000001,2020-02-14,0,33
overview,United Kingdom,K02000001,2020-02-13,1,33
overview,United Kingdom,K02000001,2020-02-12,1,32
overview,United Kingdom,K02000001,2020-02-11,4,31
overview,United Kingdom,K02000001,2020-02-10,1,27
overview,United Kingdom,K02000001,2020-02-09,1,26
overview,United Kingdom,K02000001,2020-02-08,3,25
overview,United Kingdom,K02000001,2020-02-07,0,22
overview,United Kingdom,K02000001,2020-02-06,0,22
overview,United Kingdom,K02000001,2020-02-05,1,22
overview,United Kingdom,K02000001,2020-02-04,0,21
overview,United Kingdom,K02000001,2020-02-03,19,21
overview,United Kingdom,K02000001,2020-02-02,1,2
overview,United Kingdom,K02000001,2020-02-01,0,1
overview,United Kingdom,K02000001,2020-01-31,0,1
overview,United Kingdom,K02000001,2020-01-30,1,1
